,sepal length in cm,sepal width in cm,petal length in cm,petal width in cm
sepal length in cm,1.0,-0.10936924995064935,0.8717541573048719,0.8179536333691635
sepal width in cm,-0.10936924995064935,1.0,-0.42051609640115484,-0.3565440896138055
petal length in cm,0.8717541573048719,-0.42051609640115484,1.0,0.9627570970509667
petal width in cm,0.8179536333691635,-0.3565440896138055,0.9627570970509667,1.0
